id,name
,aajpur
,abad
,abadgarh
,abadi rajgir
,abadpura
,abaibani
,abara
,abbigeri
,abdalpur
,abdul
,abdullahgarh
,abdullahnagar
,abdullahpur
,abdullanpur
,abdullapur
,abdullapuram
,abdullapur mustaqil
,abdullun
,aberdeen
,abersa
,abhaipura
,abhaipur
,abhana
,abhanpur
,abhapuri
,abhayapuri
,abhepur
,abhgaon
,abhiasa
,abhinaipur
,abhipur
,abhiramapuram
,abhona
,abiramam
,ablu
,abohar
,abomgaon
,abring
,abtare chak
,abu
,abul kharana
,abullahpur kanar
,abur
,abu road
,abusar
,abusar ka bas
,acaro
,accarapatam
,acchabal
,achad
,achalda
,achalpur
,achampet
,achanakmar
,achankapur
,achankovil
,acharapokam
,achat
,achausa
,achcharapakkam
,acheshon
,achhabal
,achhahad
,achhawal
,achhayyapalli
,achhelankhera
,achhibal
,achhnera
,achhota
,achina
,achintpur
,achirik
,achna
,achnapalli
,achnera
,achra
,achrala
,achrauli
,ackamal
,ada
,adaba
,adad
,adaitiwala
,adalair
,adalaj
,adamankotta
,adamankottai
,adambakkam
,adampur
,adampur makhan
,adampur umed
,adamwala kera
,adan
,adanakkottai
,adanur
,adapur
,adarki
,adarki buzurg
,adas
,adas bidh
,adavad
,adbadri
,adbhar
,adda
,adda nihal
,addanki
,addatigala
,adda tila
,adda tujsiram
,adda usara
,addu majra
,adegaon
,adesar
,adgal
,adgaon
,adhaia
,adhatal
,adhaun
,adhaura
,adhe
,adhoi
,adhonigarh
,adi
,adibatla
,adilabad
,adin
,adipanka
,adipur
,adirampatnam
,adirampattinam
,adirangam
,aditra nadi
,adityana
,adiura
,adivra
,adiyi masjid
,adki
,adkot
,admapur
,adoli
,adoni
,adra
,adri
,adriana
,adriyana
,adsar
,adsulim
,adugiri
,adul
,adul buzurg
,adul khurd
,adupur
,adur
,aduripalle
,aduru
,aduturai
,advi devalpalli
,advolpale
,advota
,adwal
,adwana
,adwani
,adyal
,adyar
,aeta
,afatiapur
,afgan
,afzalgarh
,afzalpur
,agacaim
,agaibani
,agalpur
,agamani
,agar
,agaram
,agargaon
,agarkhed
,agar panchaitan
,agarpara
,agartala
,agarvado
,agas
,agashi
,agasnal
,agasod
,agasode
,agastiampalli
,agastiswaram
,agastyampalli
,agatrai
,agatral
,agaundh
,agaus
,agesi
,aghanpur
,aghapalli
,aghapur
,aghar
,aghatapur
,agia
,agiaon
,agiripalle
,aglot
,agni
,agnihotri
,agoada
,agol
,agolai
,agonda
,agora
,agori
,agori khas
,agra
,agra belanganj
,agrahar
,agraharam
,agral
,agrat
,agrawa
,agria
,agroha
,agrong
,agsur
,aguada
,aguada fort
,agucha
,aguncha
,agupura
,agva
,agwad
,agwasa
,ahad
,ahadio
,ahagam
,ahamad ki dhani
,ahan
,ahar
,aharan
,aharwan
,aharwara
,ahataguri
,ahi
,ahias
,ahilyahar
,ahimalapur
,ahinkaripur
,ahiri
,ahirkheda
,ahirpara
,ahirwa rajarampur
,ahiwaran ki madaiyan
,ahladpur
,ahmadabad
,ahmadganj
,ahmadgarh
,ahmadguda
,ahmadipur
,ahmadnagar
,ahmadpur
,ahmadpur karuamai
,ahmadpur rauni
,ahmalpur
,ahmedabad
,ahmednagar
,ahmedpur
,ahobilam
,aholin
,ahomgaon
,ahor
,ahraula
,ahraura
,ahroli
,ahu
,ahupe
,ahwa
,ahweiba
,aiball
,aichanahalli
,aichisagami
,aichwara
,aidalpur
,aigale
,aigali
,aihol
,aiiamari
,aijal
,aiju
,aikaru
,aikolaha
,aikolahi
,ailabhatta
,ailam
,aima
,aimaburan
,aimand
,ainak
,ainapur
,ainavolu
,ainbushahi da danna
,aino
,ainpur
,ainta
,airahu
,airaura
,air khas
,airwa
,airwa katra
,aishanpur
,aish mugam
,aisru
,aisru kalan
,aita
,ait
,aitham
,aithar
,aivalli
,aivarkhandpur
,aiwranpura
,aiyar
,aizal
,aizawl
,aizwal
,ajab
,ajabgarh
,ajab ka nagla
,ajabpur
,ajaigarh
,ajaipal ka dungri
,ajan
,ajanpur
,ajanta
,ajapura
,ajari
,ajarthala
,ajas
,ajasar
,ajayagad
,ajgain
,ajgaon
,ajgarhbura
,ajita
,ajitapur
,ajit ka adda
,ajit nagla
,ajitpura
,ajit purwa
,ajitsar
,ajitwal
,ajjampur
,ajmatpur
,ajmer
,ajmer city
,ajnala
,ajnara ka khirk
,ajnas
,ajneri
,ajni
,ajnora
,ajnor
,ajodhya
,ajot
,ajra
,ajrajpura
,ajrajpura ki dhani
,ajram
,ajrana kalan
,ajrana khurd
,ajrani
,ajrao
,ajrawar
,ajudhipur
,akadia
,akahal
,akajhiri
,akalgarh
,akalkot
,akalpur
,akalsia
,akaltara
,akapur
,akaram
,akaria
,akarpati
,akawaram
,akbarpur afghan
,akbarpur
,akbarpur aunchha
,akbarpur sarai ghag
,akera
,akera chhota
,akha
,akhai
,akharjapet
,akhegwo
,akhipur
,akhli
,akhnur
,akhori
,akhrena
,akhtamai
,akior
,akividu
,akkammapettai
,akkaraivadi
,akkihebbal
,akkivaram
,akkuvaram
,akla
,akla thal
,aklera
,akli
,akli ki dhani
,aklui
,akluj
,aklvidu
,aknapur
,akoda
,akodha
,akodia
,akola
,akolda
,akolia
,akolin
,akoliya
,akolner
,akora
,akora purwa
,akorha
,akorhi
,akoria
,akot
,akothiya
,akoti
,akra
,akrabad
,akria
,akri
,akrund
,aksapur
,aksiguri
,aktasa
,akunpalli
,ala
,alagapuram
,alagiapandipuram
,alai
,alai nagla
,alaipura
,alakjhar
,alakjhari
,al
,alamadi
,alamanda
,alame chak
,alamganj
,alamgaon
,alampura
,alampura imla
,alampur
,alampurkhera
,alamsar
,alamshah purwa
,alamuru
,alanallur
,aland
,alandi
,alandi-devachi
,alandoor
,alandurai
,alandur
,alanganallur
,alangayam
,alangiem
,alangiyam
,alangudi
,alangulam
,alapakam
,alapalli
,alapillai
,alapolai
,alappakkam
,alappula
,alappuzha
,alapulai
,alapur
,alas
,alate
,alattur
,alatur
,alauddin majra
,alawalpur
,alayangudi
,alayla
,albaka
,albela
,alchi gompa
,aldaba
,aldona
,aldur
,ale